{
    "loss": 2.8542168140411377,
    "accuracy": 0.6637930870056152
}