{
    "loss": 0.5583218932151794,
    "accuracy": 0.9396551847457886
}